id,long,lat,rentvalue,year
90,-73.96068,40.76899,59,1880
91,-73.96068,40.76899,44,1880
275,-73.98409,40.76565,9,1880
276,-73.98409,40.76565,18,1880
477,-73.98711,40.76676,44,1880
486,-73.99348,40.75861,40,1880
491,-73.98946,40.7644,48,1880
493,-73.98732,40.76685,60,1880
521,-73.9895,40.76449,55,1880
697,-73.995264,40.712125,7,1880
698,-73.995264,40.712125,31,1880
699,-73.995264,40.712125,55,1880
705,-73.992809,40.712538,16,1880
719,-73.99918,40.71195,8,1880
740,-73.995,40.71348,64,1880
742,-73.99429,40.71382,41,1880
758,-74.00719,40.710639,41,1880
796,-74.0077,40.71041,7,1880
1109,-73.988874,40.749503,61,1880
1143,-73.983749,40.757092,12,1880
1158,-73.992374,40.753461,9,1880
1160,-73.992374,40.753461,19,1880
1167,-73.992058,40.745993,12,1880
1168,-73.98624927,40.75410806,62,1880
1250,-73.98815498,40.75168736,36,1880
1254,-73.986735,40.755429,25,1880
1388,-73.99164,40.75137,45,1880
1473,-73.98407,40.76356,52,1880
1494,-73.9897,40.75541,60,1880
1643,-73.98284,40.74696,59,1880
1662,-73.99637,40.7481,42,1880
1719,-73.98866,40.74699,47,1880
1811,-73.98404,40.76038,41,1880
1928,-73.95779419,40.77762604,61,1880
2054,-73.961053,40.770106,15,1880
2084,-73.95834351,40.77441788,21,1880
2085,-73.95834351,40.77441788,28,1880
2123,-73.95797476,40.77451766,65,1880
2124,-73.95797476,40.77451766,39,1880
2283,-73.946735,40.808464,56,1880
2547,-73.94601,40.80552,19,1880
2637,-73.9793396,40.7456131,65,1880
2698,-73.97915,40.74262,35,1880
2699,-73.97915,40.74262,32,1880
2814,-73.97865,40.75033,64,1880
2815,-73.97843,40.75063,9,1880
3572,-73.94069,40.81162,53,1880
3579,-73.94069,40.81162,28,1880
3979,-73.986395,40.716791,6,1880
3980,-73.986395,40.716791,52,1880
3991,-73.98031,40.71279,61,1880
3993,-73.98453,40.71325,8,1880
3994,-73.98345,40.71338,25,1880
4100,-73.986737,40.734842,28,1880
4101,-73.986737,40.734842,13,1880
4169,-73.98502,40.73493,49,1880
4353,-73.989878,40.732962,57,1880
4471,-73.98235,40.72963,63,1880
4481,-73.98032,40.72939,11,1880
4531,-73.9974,40.718838,42,1880
4538,-74.008342,40.722437,26,1880
4539,-74.008342,40.722437,6,1880
4545,-73.997224,40.719169,36,1880
4546,-73.99671,40.72116,55,1880
4550,-74.00779,40.72327,17,1880
4554,-73.99628,40.72164,27,1880
4612,-74.00678,40.7194,53,1880
4675,-74.003345,40.74381039,15,1880
4733,-73.98614399,40.74414432,56,1880
4768,-73.99736,40.74325,32,1880
4917,-73.99771,40.74405,12,1880
4918,-73.99771,40.74405,43,1880
4943,-73.9991,40.74376,56,1880
4969,-73.98784,40.74063,53,1880
4971,-73.99409,40.73705,56,1880
5009,-73.99783,40.74671,64,1880
5092,-73.99687,40.74963,9,1880
5093,-73.99687,40.74963,36,1880
5094,-73.99687,40.74963,62,1880
5223,-73.99786,40.74927,54,1880
5230,-73.99468,40.75369,49,1880
5284,-73.99685,40.75183,10,1880
5297,-74.00192,40.746,35,1880
5387,-74.00414,40.7451,64,1880
5454,-73.99867,40.75421,36,1880
5504,-73.99683,40.76002,46,1880
5607,-73.99552917,40.73445511,26,1880
5608,-73.99552917,40.73445511,11,1880
5630,-73.99949646,40.73490524,46,1880
5645,-73.99915314,40.73601913,24,1880
5647,-73.999623,40.732846,23,1880
5689,-74.001118,40.733327,34,1880
5690,-74.001118,40.733327,15,1880
5732,-74.000775,40.729091,45,1880
5801,-74.00515,40.73397,15,1880
5812,-74.00161,40.73869,16,1880
5865,-74.00439,40.73585,32,1880
5906,-74.00701,40.73736,51,1880
5924,-73.99594,40.72937,63,1880
5928,-73.9937,40.73187,56,1880
5953,-74.00463,40.73805,43,1880
6088,-73.99643,40.72943,64,1880
6109,-73.99466,40.72961,20,1880
6120,-73.99991,40.72718,64,1880
6121,-73.99991,40.72718,31,1880
6127,-74.00797,40.73853,38,1880
6128,-74.00797,40.73853,16,1880
7268,-73.938264,40.803493,56,1880
7269,-73.938264,40.803493,52,1880
7270,-73.938264,40.803493,19,1880
7271,-73.938264,40.803493,25,1880
7272,-73.938264,40.803493,54,1880
7277,-73.944263,40.79722,51,1880
7352,-73.935724,40.806052,36,1880
7534,-73.93187,40.79775,30,1880
7760,-73.96989,40.75632,63,1880
7838,-73.97142,40.74933,36,1880
7878,-73.96651,40.7539,22,1880
7950,-73.97591,40.75385,61,1880
7953,-73.96587,40.75304,48,1880
7988,-73.97785,40.73252,44,1880
7989,-73.97785,40.73252,49,1880
7990,-73.97785,40.73252,7,1880
74,-73.95997,40.77032,38,1881
273,-73.987702,40.760399,24,1881
287,-73.98847,40.76012,24,1881
369,-73.98496,40.76661,33,1881
399,-73.98795,40.76312,35,1881
712,-73.99157,40.72299,8,1881
716,-73.99145,40.72321,8,1881
1079,-73.98503,40.76877,26,1881
1108,-73.988874,40.749503,62,1881
1354,-73.98867,40.75518,38,1881
1457,-73.98977,40.75485,63,1881
1482,-73.9872,40.75958,28,1881
1587,-73.99074,40.75445,63,1881
1588,-73.99074,40.75445,57,1881
1820,-73.98347,40.76092,48,1881
2104,-73.95433836,40.77990621,51,1881
2139,-73.95958073,40.77181667,53,1881
2208,-73.96951,40.76594,13,1881
2594,-73.981946,40.744963,60,1881
2627,-73.976877,40.748606,63,1881
2628,-73.976877,40.748606,13,1881
2635,-73.980036,40.74417,23,1881
2640,-73.979292,40.745465,46,1881
2708,-73.97485,40.7482,46,1881
2717,-73.97706,40.74522,40,1881
2793,-73.97977,40.73868,18,1881
2813,-73.97438,40.74719,38,1881
3653,-73.95559,40.7754,12,1881
3720,-73.95097,40.77571,32,1881
4237,-73.98212,40.73684,35,1881
4286,-73.98252,40.74,61,1881
4291,-73.9822,40.73304,22,1881
4296,-73.98224,40.73366,7,1881
4358,-73.98830414,40.7282753,5,1881
4371,-73.988129,40.732677,22,1881
4383,-73.99102,40.72755,29,1881
4384,-73.99102,40.72755,43,1881
4391,-73.98538,40.73136,10,1881
4449,-73.98382,40.73154,57,1881
4450,-73.98382,40.73154,22,1881
4468,-73.98879,40.72822,13,1881
4495,-73.98918,40.72951,21,1881
4522,-74.006144,40.724776,22,1881
4543,-74.007857,40.72291,31,1881
4548,-74.00782,40.72312,37,1881
4553,-73.9963,40.72159,12,1881
4573,-74.00522,40.72651,64,1881
4587,-74.00547,40.72631,41,1881
4588,-74.00821,40.72047,12,1881
4597,-74.00729,40.72447,33,1881
4636,-73.99502814,40.74067689,25,1881
4646,-73.99152517,40.73756218,18,1881
4729,-73.989579,40.744135,36,1881
4959,-73.99773,40.74504,36,1881
4970,-73.9927,40.7403,22,1881
4975,-73.99744,40.74617,50,1881
5090,-73.99896,40.75007,64,1881
5177,-74.00057,40.74518,37,1881
5315,-74.00183,40.74653,40,1881
5316,-74.00183,40.74653,37,1881
5399,-74.00197,40.74833,52,1881
5414,-73.99825,40.75323,64,1881
5415,-73.99825,40.75323,47,1881
5489,-73.98825,40.73866,37,1881
5490,-73.98825,40.73866,5,1881
5636,-73.993455,40.730908,16,1881
5637,-73.993455,40.730908,16,1881
5864,-74.00439,40.73585,54,1881
5869,-74.0038,40.73645,15,1881
5973,-73.99808,40.73364,36,1881
6077,-74.00519,40.73918,60,1881
7061,-73.944109,40.796224,10,1881
7206,-73.94298,40.79163,9,1881
7323,-73.944156,40.797074,23,1881
7346,-73.93955067,40.80279887,32,1881
7711,-73.971966,40.755628,21,1881
7712,-73.971966,40.755628,51,1881
7713,-73.971966,40.755628,34,1881
7879,-73.96651,40.7539,58,1881
7965,-73.96715,40.76112,24,1881
53,-73.959853,40.766417,25,1882
54,-73.959808,40.766487,37,1882
101,-73.95746,40.77252,11,1882
102,-73.95746,40.77252,12,1882
296,-73.98442,40.76593,9,1882
394,-73.98927,40.76128,45,1882
595,-73.9945,40.75997,59,1882
645,-73.99507,40.76372,12,1882
700,-73.994537,40.715578,40,1882
824,-73.981744,40.774619,58,1882
1094,-73.978862,40.762595,52,1882
1096,-73.978862,40.762595,58,1882
1203,-73.988749,40.751191,46,1882
1233,-73.982777,40.759962,30,1882
1236,-73.982777,40.759962,41,1882
1249,-73.983865,40.758175,37,1882
1313,-73.98541,40.75877,65,1882
1371,-73.99103,40.75179,38,1882
1377,-73.98201,40.74811,30,1882
1387,-73.99103,40.75193,42,1882
1389,-73.99103,40.75193,62,1882
1402,-73.98773,40.75736,44,1882
1430,-73.99075,40.75268,12,1882
1448,-73.98406,40.76399,32,1882
1477,-73.9872,40.75958,11,1882
1480,-73.99127,40.75308,38,1882
1548,-73.99034,40.75413,60,1882
1766,-73.98368,40.75483,8,1882
1836,-73.98291,40.76635,42,1882
1873,-73.962646,40.77161,61,1882
1900,-73.95615354,40.78067198,63,1882
1902,-73.954941,40.781627,27,1882
1904,-73.954941,40.781627,26,1882
2056,-73.96035767,40.77161407,58,1882
2103,-73.95433836,40.77990621,58,1882
2263,-73.9464798,40.8078804,8,1882
2625,-73.980755,40.743432,37,1882
2626,-73.980755,40.743432,26,1882
2685,-73.97865,40.74358,46,1882
2687,-73.97588,40.74738,47,1882
2805,-73.97638,40.74443,21,1882
2810,-73.97459,40.7469,49,1882
3126,-73.94265747,40.812603,20,1882
3578,-73.94069,40.81162,47,1882
3701,-73.95209,40.77619,65,1882
3710,-73.95424,40.77305,29,1882
3711,-73.95424,40.77305,16,1882
3714,-73.95285,40.77258,55,1882
3740,-73.9471,40.77833,38,1882
3984,-73.991805,40.712611,22,1882
3986,-73.98878,40.71371,29,1882
3996,-73.97644,40.71641,14,1882
3998,-73.98175,40.71332,56,1882
4068,-73.988635,40.734912,15,1882
4069,-73.988635,40.734912,59,1882
4070,-73.988635,40.734912,22,1882
4141,-73.986223,40.734294,9,1882
4146,-73.98569,40.73566,10,1882
4242,-73.98145,40.73649,46,1882
4263,-73.98795,40.73519,49,1882
4307,-73.98083,40.73452,47,1882
4312,-73.9818,40.74127,55,1882
4318,-73.98059,40.73797,22,1882
4325,-73.98342,40.74106,5,1882
4356,-73.987818,40.728084,39,1882
4357,-73.988892,40.732996,31,1882
4392,-73.99119,40.72516,24,1882
4444,-73.98529,40.72981,55,1882
4446,-73.98392,40.7316,33,1882
4464,-73.98389,40.73028,14,1882
4467,-73.98708,40.72849,36,1882
4469,-73.98879,40.72822,55,1882
4483,-73.97951,40.72986,9,1882
4526,-73.999284,40.719641,36,1882
4533,-74.007582,40.719068,33,1882
4544,-74.007857,40.72291,48,1882
4584,-74.00821,40.72047,34,1882
4585,-74.00821,40.72047,41,1882
4586,-74.00821,40.72047,58,1882
4592,-74.00284,40.72781,50,1882
4595,-74.00552,40.72447,44,1882
4630,-73.996189,40.739467,37,1882
4631,-73.996189,40.739467,6,1882
4634,-73.99640656,40.7394371,63,1882
4664,-73.997942,40.738609,22,1882
4678,-73.994362,40.743382,27,1882
4679,-73.994362,40.743382,43,1882
4691,-73.9936401,40.7440719,5,1882
4769,-73.99967,40.7395,6,1882
4771,-73.99943,40.7403,56,1882
4846,-74.00004,40.74055,9,1882
4872,-73.9989,40.74237,54,1882
4873,-73.9989,40.74237,18,1882
4978,-73.99005,40.74434,10,1882
4992,-73.99338,40.75292,6,1882
4993,-73.99338,40.75292,35,1882
5079,-73.99635,40.74993,50,1882
5089,-73.99622,40.75001,56,1882
5105,-73.99926,40.74566,59,1882
5158,-74.00221,40.74279,58,1882
5176,-74.00057,40.74518,10,1882
5179,-73.99978,40.74601,50,1882
5180,-73.99978,40.74601,6,1882
5182,-73.99978,40.74601,61,1882
5207,-73.99996,40.74609,46,1882
5208,-73.99996,40.74609,58,1882
5224,-74.00244,40.74227,41,1882
5249,-73.99622,40.7518,20,1882
5285,-73.99071,40.74381,20,1882
5295,-73.98438,40.74325,23,1882
5308,-74.00197,40.74603,25,1882
5389,-73.99694,40.75447,59,1882
5441,-74.00001,40.75237,18,1882
5449,-74.00007,40.7524,57,1882
5453,-74.00257,40.74783,64,1882
5497,-73.99379,40.74,46,1882
5539,-73.98603,40.74379,59,1882
5616,-73.997695,40.737535,11,1882
5617,-73.997695,40.737535,5,1882
5625,-73.999275,40.732665,26,1882
5626,-73.999275,40.732665,64,1882
5631,-74.001419,40.732547,48,1882
5672,-74.000514,40.731374,23,1882
5684,-73.999547,40.72825,53,1882
5685,-73.999547,40.72825,43,1882
5876,-74.00189,40.73719,21,1882
5912,-74.00734,40.72949,60,1882
5939,-73.99445,40.73158,10,1882
5952,-74.00426,40.73273,42,1882
5979,-74.00058,40.7319,6,1882
5980,-74.00058,40.7319,57,1882
5982,-73.99845,40.7356,26,1882
6067,-74.0059,40.73731,56,1882
6115,-73.99309,40.72985,48,1882
6141,-74.00164,40.72881,15,1882
6142,-74.00164,40.72881,59,1882
6155,-74.00436,40.73464,23,1882
7276,-73.944263,40.79722,18,1882
7388,-73.94118,40.79581,59,1882
7465,-73.93476,40.7998,54,1882
7662,-73.972364,40.757208,37,1882
7663,-73.972364,40.757208,15,1882
7685,-73.972277,40.755525,35,1882
7728,-73.971627,40.755467,63,1882
7777,-73.96975,40.75526,34,1882
7785,-73.96967,40.75523,59,1882
7786,-73.96674,40.75892,19,1882
7787,-73.96967,40.75523,7,1882
7789,-73.96665,40.75888,28,1882
7797,-73.96658,40.75885,8,1882
7892,-73.97576,40.7521,14,1882
7896,-73.96126,40.75837,32,1882
7912,-73.97244,40.75665,45,1882
288,-73.98658,40.76259,36,1883
381,-73.99103,40.75874,57,1883
395,-73.98503,40.76598,57,1883
425,-73.9856,40.76612,13,1883
465,-73.99097,40.76163,29,1883
511,-73.98714,40.76834,52,1883
512,-73.98969,40.76473,9,1883
584,-73.99413,40.76019,61,1883
665,-73.99064,40.76147,29,1883
672,-73.99295,40.76786,32,1883
693,-73.9827,40.76706,19,1883
694,-73.9827,40.76706,7,1883
723,-74.00006,40.70909,10,1883
736,-74.00167,40.71391,39,1883
745,-73.99609,40.71155,32,1883
975,-73.98311,40.76834,32,1883
976,-73.98311,40.76834,23,1883
987,-73.98425,40.76902,42,1883
1017,-73.98462,40.76851,58,1883
1164,-73.992058,40.745993,27,1883
1205,-73.98761652,40.7518664,41,1883
1206,-73.98761652,40.7518664,37,1883
1207,-73.98307,40.75868,50,1883
1318,-73.99169,40.75048,39,1883
1328,-73.99177,40.75051,10,1883
1392,-73.98898,40.75531,58,1883
1394,-73.98518,40.76165,33,1883
1395,-73.98905,40.75534,60,1883
1433,-73.98889,40.75604,41,1883
1434,-73.98889,40.75604,46,1883
1468,-73.9887,40.75661,32,1883
1529,-73.98701,40.74477,38,1883
1530,-73.98701,40.74477,8,1883
1531,-73.98701,40.74477,11,1883
1561,-73.9893,40.75621,15,1883
1663,-73.99606,40.74752,46,1883
1813,-73.98696,40.75021,32,1883
1814,-73.98696,40.75021,53,1883
1867,-73.95530127,40.78185618,24,1883
1885,-73.962425,40.771659,61,1883
1886,-73.95803444,40.77802867,12,1883
1950,-73.952975,40.784084,9,1883
1965,-73.952821,40.784029,46,1883
1971,-73.952754,40.784004,56,1883
2013,-73.95422772,40.77857517,13,1883
2014,-73.95422772,40.77857517,64,1883
2114,-73.95775,40.775264,5,1883
2115,-73.955139,40.778167,58,1883
2351,-73.94994,40.80819,7,1883
2405,-73.95095,40.80923,26,1883
2595,-73.981946,40.744963,5,1883
2651,-73.98094,40.7409,39,1883
2682,-73.97818,40.74493,31,1883
2719,-73.97703,40.74521,10,1883
2797,-73.98026,40.7391,62,1883
2812,-73.97441,40.74714,52,1883
3585,-73.94099,40.81154,5,1883
3616,-73.949726,40.772674,26,1883
4027,-73.982969,40.742175,58,1883
4071,-73.98386383,40.74186325,60,1883
4106,-73.986043,40.735957,62,1883
4255,-73.9825,40.73515,26,1883
4323,-73.98342,40.74106,25,1883
4324,-73.98342,40.74106,58,1883
4326,-73.98342,40.74106,25,1883
4337,-73.988527,40.730619,16,1883
4420,-73.98946,40.72723,62,1883
4486,-73.99094,40.72659,35,1883
4494,-73.98918,40.72951,6,1883
4523,-74.008355,40.720204,60,1883
4541,-74.005264,40.72753,47,1883
4555,-73.99515,40.7214,64,1883
4560,-74.0066,40.72564,57,1883
4563,-74.00278,40.72773,31,1883
4589,-73.99595,40.72191,63,1883
4593,-74.00504,40.72421,54,1883
4598,-74.00725,40.72455,22,1883
4604,-74.00658,40.72224,51,1883
4613,-74.00468,40.72383,34,1883
4644,-73.997026,40.738451,25,1883
4651,-73.990965,40.739339,20,1883
4700,-73.99616,40.741981,42,1883
4743,-73.99612,40.74313,22,1883
4847,-73.99078,40.73742,39,1883
4903,-74.00099,40.74013,14,1883
5022,-73.99014,40.74437,17,1883
5031,-73.99289,40.75433,21,1883
5219,-74.00202,40.74369,60,1883
5273,-74.0007,40.74641,57,1883
5298,-74.00141,40.7467,18,1883
5309,-74.00146,40.74672,35,1883
5372,-74.00441,40.74386,34,1883
5417,-73.99587,40.75367,50,1883
5421,-73.99803,40.75429,36,1883
5428,-73.99704,40.75614,27,1883
5429,-74.00543,40.74436,27,1883
5467,-73.99423,40.73795,58,1883
5553,-73.99430084,40.72987366,31,1883
5554,-73.99430084,40.72987366,28,1883
5653,-74.009592,40.731832,28,1883
5655,-73.99153791,40.73028468,55,1883
5656,-73.99153791,40.73028468,26,1883
5666,-73.99134479,40.73020488,38,1883
5687,-74.00128937,40.73466873,23,1883
5688,-74.00128937,40.73466873,35,1883
5773,-73.99583,40.73462,26,1883
5791,-73.99309,40.73476,33,1883
5880,-74.00357,40.73695,30,1883
5911,-73.99595,40.73597,13,1883
5927,-74.00885,40.73523,23,1883
5964,-73.99988,40.73793,8,1883
6037,-73.99493,40.72596,45,1883
6043,-74.00619,40.73884,40,1883
6056,-74.00595,40.73693,59,1883
6057,-74.00595,40.73693,45,1883
6111,-74.00734,40.73384,13,1883
7144,-73.947212,40.789178,48,1883
7175,-73.94627,40.78879,26,1883
7176,-73.94627,40.78879,43,1883
7452,-73.93832,40.7954,25,1883
7489,-73.931,40.80091,19,1883
7553,-73.93087,40.79674,55,1883
7654,-73.968894,40.762434,44,1883
7667,-73.975016,40.752011,14,1883
7709,-73.971808,40.755429,32,1883
7710,-73.97176735,40.75620018,22,1883
7717,-73.972634,40.754046,46,1883
7718,-73.972634,40.754046,64,1883
7720,-73.972634,40.754046,45,1883
7721,-73.972634,40.754046,5,1883
7749,-73.97282,40.75189,23,1883
7813,-73.97015,40.75322,61,1883
7824,-73.97126,40.7502,44,1883
7897,-73.96183,40.75768,7,1883
47,-73.96092452,40.76920889,47,1884
174,-73.9627,40.76166,22,1884
252,-73.95534,40.7677,20,1884
282,-73.98839,40.76008,60,1884
283,-73.98839,40.76008,11,1884
295,-73.98442,40.76593,30,1884
297,-73.98442,40.76593,15,1884
301,-73.9845,40.76582,42,1884
311,-73.99177,40.75627,11,1884
370,-73.99091,40.75864,49,1884
371,-73.9878,40.76326,19,1884
391,-73.99119,40.75881,31,1884
398,-73.99108,40.75871,10,1884
400,-73.99142,40.75881,14,1884
428,-73.98792,40.76398,57,1884
429,-73.98792,40.76398,11,1884
443,-73.98509,40.76843,32,1884
448,-73.986,40.76787,55,1884
454,-73.98608,40.76791,32,1884
455,-73.98608,40.76791,64,1884
459,-73.98948,40.76383,60,1884
460,-73.98948,40.76383,55,1884
504,-73.98696,40.76761,39,1884
505,-73.98696,40.76761,64,1884
516,-73.9872,40.76837,18,1884
517,-73.98667,40.76827,45,1884
518,-73.98667,40.76827,37,1884
548,-73.98808,40.76814,54,1884
549,-73.98808,40.76814,56,1884
567,-73.98741,40.7688,64,1884
592,-73.9926,40.76267,44,1884
593,-73.9926,40.76267,12,1884
594,-73.9926,40.76267,56,1884
617,-73.99232,40.76561,48,1884
618,-73.99232,40.76561,33,1884
619,-73.98989,40.76482,24,1884
620,-73.98989,40.76482,40,1884
646,-73.99601,40.75856,24,1884
664,-73.99064,40.76147,54,1884
684,-73.9887,40.76861,28,1884
691,-73.98273,40.76701,61,1884
701,-73.993597,40.712283,65,1884
706,-73.992723,40.712544,30,1884
721,-73.99695,40.7152,12,1884
722,-73.99695,40.7152,6,1884
724,-73.99454,40.71259,19,1884
725,-73.99454,40.71259,57,1884
726,-73.99874,40.71481,22,1884
731,-73.99875,40.71487,57,1884
746,-73.99295,40.71835,19,1884
977,-73.98263,40.7683,19,1884
1013,-73.98434,40.76909,33,1884
1110,-73.98551178,40.74512863,59,1884
1130,-73.978439,40.763977,23,1884
1131,-73.978439,40.763977,7,1884
1153,-73.986086,40.754158,45,1884
1181,-73.98342,40.757986,50,1884
1198,-73.97919,40.764388,17,1884
1214,-73.984296,40.757319,28,1884
1223,-73.979404,40.764485,11,1884
1270,-73.984666,40.757705,21,1884
1374,-73.98884,40.75525,44,1884
1419,-73.98824,40.75674,10,1884
1420,-73.98824,40.75674,22,1884
1442,-73.98631,40.76063,32,1884
1486,-73.98988,40.75489,39,1884
1488,-73.98988,40.75489,12,1884
1555,-73.9957,40.74833,23,1884
1567,-73.99002,40.75479,52,1884
1586,-73.99074,40.75445,61,1884
1600,-73.98736,40.74726,44,1884
1764,-73.98506,40.75285,21,1884
1765,-73.98506,40.75285,22,1884
1807,-73.98468,40.75443,34,1884
1817,-73.98329,40.76073,18,1884
1865,-73.956743,40.781034,65,1884
1940,-73.96701984,40.76506153,38,1884
1941,-73.96701984,40.76506153,28,1884
2069,-73.963679,40.76616,58,1884
2071,-73.963679,40.76616,60,1884
2074,-73.963679,40.76616,61,1884
2130,-73.95132959,40.78356139,31,1884
2262,-73.942928,40.806858,23,1884
2284,-73.942985,40.806883,7,1884
2298,-73.943042,40.806907,48,1884
2302,-73.94703738,40.80837585,61,1884
2324,-73.9484,40.80821,46,1884
2408,-73.95161,40.80793,52,1884
2410,-73.95161,40.80793,60,1884
2411,-73.95161,40.80793,5,1884
2576,-73.94286,40.80683,17,1884
2593,-73.981946,40.744963,11,1884
2596,-73.981842,40.744917,8,1884
2597,-73.981842,40.744917,16,1884
2648,-73.981317,40.744465,17,1884
2690,-73.97919,40.74276,9,1884
2694,-73.98051,40.74077,50,1884
2707,-73.98027,40.74067,25,1884
2767,-73.97345,40.7463,44,1884
2768,-73.97345,40.7463,18,1884
2770,-73.97545,40.74383,25,1884
2811,-73.97459,40.7469,50,1884
3206,-73.941764,40.808828,11,1884
3207,-73.941764,40.808828,13,1884
3682,-73.9552,40.7744,5,1884
3685,-73.95551,40.77371,40,1884
3686,-73.95551,40.77371,59,1884
3739,-73.95008,40.77368,21,1884
3744,-73.95001,40.77365,36,1884
4026,-73.98631,40.7183,55,1884
4166,-73.98396,40.73662,27,1884
4239,-73.98224,40.7323,43,1884
4240,-73.98395,40.73805,34,1884
4331,-73.98611,40.73737,57,1884
4388,-73.98726,40.73255,19,1884
4520,-74.008841,40.719647,63,1884
4559,-74.00072,40.71863,36,1884
4594,-74.00431,40.71535,28,1884
4627,-73.99635,40.738999,19,1884
4632,-73.996189,40.739467,10,1884
4715,-73.99283007,40.73811673,63,1884
4766,-73.99943,40.7403,42,1884
4797,-73.9911,40.73732,28,1884
4827,-73.99822,40.74284,9,1884
4863,-74.00061,40.73997,38,1884
4875,-73.99849,40.74305,7,1884
4886,-73.99687,40.74538,11,1884
4890,-74.00138,40.73948,9,1884
4897,-73.99993,40.74181,50,1884
4900,-73.99846,40.74349,34,1884
4929,-73.99925,40.74329,9,1884
4934,-73.99831,40.74349,33,1884
4962,-73.99846,40.74452,25,1884
4963,-73.99846,40.74452,44,1884
4976,-73.99452,40.73824,46,1884
4977,-73.99452,40.73824,18,1884
5071,-73.99697,40.7489,40,1884
5072,-73.99697,40.7489,9,1884
5128,-73.99704,40.74972,25,1884
5189,-73.99393,40.75476,8,1884
5310,-74.00328,40.74473,10,1884
5375,-74.00472,40.74404,39,1884
5398,-73.99759,40.75411,5,1884
5464,-74.00404,40.7469,16,1884
5500,-73.98888,40.73875,25,1884
5503,-73.99683,40.76002,41,1884
5537,-73.99314,40.74254,17,1884
5558,-73.99873026,40.73233187,11,1884
5559,-73.99873026,40.73233187,20,1884
5651,-73.994207,40.730177,57,1884
5706,-73.993544,40.731197,52,1884
5756,-74.00156,40.73471,52,1884
5772,-73.99464,40.73169,5,1884
5781,-73.99943,40.72909,55,1884
5795,-73.99957,40.72966,23,1884
5862,-74.00335,40.73761,38,1884
5875,-73.99417,40.72482,6,1884
5883,-74.00972,40.73331,17,1884
5917,-73.99249,40.73367,10,1884
5918,-73.99249,40.73367,63,1884
5919,-73.99249,40.73367,52,1884
5931,-74.00225,40.7351,14,1884
5954,-73.99743,40.73414,55,1884
5968,-73.9918,40.73362,5,1884
6007,-74.00126,40.73592,12,1884
6034,-73.99248,40.7332,63,1884
6035,-73.99248,40.7332,5,1884
6036,-73.99711,40.73502,48,1884
6081,-74.0019,40.7284,60,1884
6103,-73.9994,40.73202,36,1884
6705,-73.98148,40.78526,31,1884
7103,-73.945052,40.796357,14,1884
7200,-73.94288,40.79182,21,1884
7203,-73.94281,40.79178,57,1884
7257,-73.94591,40.79706,15,1884
7258,-73.94591,40.79706,21,1884
7361,-73.941991,40.796394,57,1884
7397,-73.9353,40.80332,22,1884
7408,-73.93812,40.79911,44,1884
7446,-73.93344,40.79458,49,1884
7455,-73.93821,40.79535,35,1884
7473,-73.93489,40.79844,11,1884
7474,-73.93489,40.79844,63,1884
7487,-73.93303,40.79824,19,1884
7488,-73.93303,40.79824,14,1884
7491,-73.93147,40.80006,18,1884
7526,-73.93414,40.79529,10,1884
7636,-73.975482,40.753841,64,1884
7637,-73.975482,40.753841,11,1884
7643,-73.971755,40.75858,53,1884
7644,-73.971755,40.75858,46,1884
7645,-73.971676,40.758546,30,1884
7664,-73.975016,40.752011,8,1884
7665,-73.975016,40.752011,57,1884
7666,-73.975016,40.752011,32,1884
7668,-73.970996,40.759306,64,1884
7669,-73.970996,40.759306,45,1884
7747,-73.97282,40.75189,23,1884
7768,-73.96851,40.75745,55,1884
7769,-73.96851,40.75745,6,1884
7790,-73.97233,40.75234,28,1884
7791,-73.97233,40.75234,43,1884
7822,-73.97232,40.74892,12,1884
7830,-73.96938,40.75222,61,1884
7854,-73.96542,40.75772,18,1884
7855,-73.96542,40.75772,40,1884
7942,-73.9692,40.76058,46,1884
50,-73.960006,40.770241,63,1885
207,-73.96142,40.76254,49,1885
219,-73.95478,40.77139,32,1885
519,-73.9893,40.76598,53,1885
522,-73.99598,40.75665,62,1885
523,-73.99548,40.75731,61,1885
530,-73.98937,40.76601,10,1885
533,-73.98814,40.76795,32,1885
535,-73.988,40.7681,42,1885
635,-73.99381,40.76481,56,1885
640,-73.99389,40.76485,44,1885
666,-73.99318,40.7631,12,1885
779,-74.009856,40.710177,19,1885
1180,-73.989724,40.749057,21,1885
1819,-73.9836,40.76095,47,1885
2791,-73.98006,40.74273,61,1885
2796,-73.97985,40.74303,16,1885
4309,-73.98183,40.74096,61,1885
4311,-73.98179,40.74103,51,1885
4377,-73.984782,40.728655,35,1885
4482,-73.97983,40.73,53,1885
4534,-73.999428,40.720075,46,1885
4561,-74.00743,40.72548,55,1885
4607,-74.01137,40.7208,39,1885
4622,-73.998705,40.740197,61,1885
4940,-73.99942,40.74335,6,1885
4984,-73.99939,40.74943,7,1885
5068,-74.00348,40.74034,21,1885
5495,-74.00667,40.74564,41,1885
5496,-74.00667,40.74564,50,1885
5888,-74.00369,40.74006,37,1885
5889,-74.00369,40.74006,62,1885
6117,-74.0067,40.73563,28,1885
7216,-73.94323,40.78854,25,1885
7217,-73.94307,40.78848,46,1885
7649,-73.97158,40.758505,7,1885
7991,-73.97733,40.73329,14,1885
7992,-73.97733,40.73329,62,1885
73,-73.96173,40.76759,47,1886
95,-73.96204,40.76711,33,1886
114,-73.96075,40.76798,61,1886
115,-73.96075,40.76798,34,1886
229,-73.95476,40.77144,23,1886
249,-73.95295,40.77145,59,1886
281,-73.98595,40.76299,21,1886
419,-73.98904,40.76184,10,1886
525,-73.98778,40.768,57,1886
526,-73.98778,40.768,9,1886
527,-73.98778,40.768,10,1886
528,-73.98778,40.768,60,1886
536,-73.988,40.7681,34,1886
537,-73.988,40.7681,13,1886
688,-73.98381,40.76578,48,1886
783,-74.00517,40.70805,14,1886
1191,-73.9865096,40.75421845,65,1886
1278,-73.99304,40.747001,57,1886
1279,-73.99304,40.747001,46,1886
1280,-73.99304,40.747001,59,1886
1281,-73.99304,40.747001,12,1886
1460,-73.98977,40.75485,38,1886
1625,-73.98619,40.74645,17,1886
1721,-73.98981,40.74669,48,1886
1781,-73.97707,40.76335,62,1886
1926,-73.94977,40.78459,8,1886
1951,-73.956204,40.779806,21,1886
1952,-73.956204,40.779806,38,1886
1953,-73.956204,40.779806,45,1886
1954,-73.956204,40.779806,53,1886
1969,-73.952754,40.784004,60,1886
1973,-73.952754,40.784004,39,1886
1980,-73.960967,40.774614,52,1886
2091,-73.962234,40.768129,56,1886
2632,-73.978848,40.746259,42,1886
2784,-73.98085,40.74223,34,1886
2790,-73.98006,40.74273,59,1886
2798,-73.97991,40.73935,20,1886
3157,-73.9445169,40.81063467,53,1886
3595,-73.9417,40.81126,31,1886
3605,-73.94192,40.81135,31,1886
4079,-73.986726,40.735773,60,1886
4308,-73.98183,40.74096,41,1886
4310,-73.98179,40.74103,25,1886
4398,-73.99086,40.72755,65,1886
4505,-73.98937,40.72677,17,1886
4724,-73.993647,40.744983,48,1886
4725,-73.993647,40.744983,13,1886
4751,-73.9886,40.74321,34,1886
4883,-73.99085,40.73727,53,1886
4994,-73.99783,40.74664,30,1886
5039,-74.00324,40.7404,52,1886
5183,-73.99978,40.74601,28,1886
5197,-73.99986,40.74605,62,1886
5233,-74.00057,40.74674,45,1886
5234,-74.00057,40.74674,41,1886
5242,-73.99479,40.75374,55,1886
5287,-73.98974,40.73769,28,1886
5289,-73.98974,40.73769,32,1886
5480,-73.99934,40.75932,18,1886
5481,-73.99926,40.75937,18,1886
5483,-73.99925,40.75938,54,1886
5484,-73.99923,40.7594,5,1886
5765,-74.00003,40.73864,53,1886
6055,-73.99804,40.73427,51,1886
6063,-73.99775,40.73008,11,1886
6075,-74.00422,40.73685,10,1886
7310,-73.9406863,40.80153348,50,1886
7431,-73.9382,40.79894,25,1886
7432,-73.9382,40.79894,24,1886
7650,-73.970953,40.759744,62,1886
7652,-73.97158,40.758505,61,1886
7688,-73.972277,40.755525,38,1886
7758,-73.96661,40.7601,47,1886
36,-73.965325,40.762952,49,1887
88,-73.96068,40.76899,19,1887
98,-73.96096,40.76794,8,1887
139,-73.96061,40.76629,26,1887
141,-73.96061,40.76629,8,1887
163,-73.95949,40.76754,33,1887
193,-73.95505,40.77173,44,1887
197,-73.95505,40.77173,47,1887
212,-73.95399,40.77257,44,1887
215,-73.95478,40.77139,64,1887
269,-73.95762,40.76325,33,1887
272,-73.95593,40.76199,34,1887
373,-73.98932,40.76108,10,1887
388,-73.98894,40.7616,7,1887
432,-73.9849,40.76844,34,1887
433,-73.9849,40.76844,8,1887
510,-73.98714,40.76834,64,1887
540,-73.994,40.75987,62,1887
563,-73.98772,40.7686,43,1887
564,-73.98772,40.7686,60,1887
660,-73.99426,40.76185,12,1887
661,-73.99426,40.76185,25,1887
673,-73.98749,40.76074,56,1887
674,-73.98749,40.76074,60,1887
689,-73.98288,40.76703,61,1887
690,-73.98273,40.76701,56,1887
692,-73.9827,40.76706,56,1887
695,-74.003132,40.712308,50,1887
739,-74.00249,40.71428,49,1887
760,-74.012455,40.709542,15,1887
770,-74.008954,40.704713,36,1887
841,-73.983856,40.772015,61,1887
842,-73.983856,40.772015,34,1887
913,-73.980588,40.772385,55,1887
1098,-73.978862,40.762595,15,1887
1099,-73.980787,40.762487,46,1887
1100,-73.980787,40.762487,33,1887
1105,-73.988874,40.749503,11,1887
1122,-73.991101,40.746518,23,1887
1123,-73.991101,40.746518,10,1887
1125,-73.988953,40.749536,58,1887
1129,-73.978439,40.763977,9,1887
1162,-73.988084,40.747721,44,1887
1230,-73.988676,40.75161,60,1887
1232,-73.982777,40.759962,12,1887
1292,-73.979133,40.765911,53,1887
1293,-73.979133,40.765911,12,1887
1400,-73.98806,40.75678,14,1887
1401,-73.98806,40.75678,38,1887
1417,-73.98824,40.75674,34,1887
1511,-73.99144,40.75303,50,1887
1594,-73.98874,40.75757,38,1887
1595,-73.98874,40.75757,56,1887
1596,-73.98874,40.75757,60,1887
1605,-73.9888,40.7576,56,1887
1607,-73.9888,40.7576,27,1887
1608,-73.9888,40.7576,58,1887
1640,-73.9858,40.74671,12,1887
1676,-73.98924,40.74629,32,1887
1833,-73.97932,40.76585,39,1887
1834,-73.97932,40.76585,49,1887
1835,-73.9796,40.76612,14,1887
1851,-73.959024,40.77648,34,1887
1852,-73.959024,40.77648,28,1887
1874,-73.961592,40.772722,19,1887
1876,-73.961592,40.772722,57,1887
1884,-73.961529,40.772806,34,1887
1894,-73.955029,40.781661,18,1887
1899,-73.96141,40.77276,17,1887
1927,-73.9547,40.781637,52,1887
1968,-73.952754,40.784004,55,1887
1970,-73.952754,40.784004,20,1887
1988,-73.95213,40.784203,49,1887
2078,-73.959963,40.772106,7,1887
2088,-73.962234,40.768129,34,1887
2112,-73.95606,40.777198,47,1887
2119,-73.966563,40.762385,16,1887
2121,-73.957819,40.774677,10,1887
2149,-73.96087,40.77693,32,1887
2151,-73.95846,40.78073,24,1887
2409,-73.95161,40.80793,50,1887
2582,-73.977413,40.75101,47,1887
2603,-73.976777,40.750899,17,1887
2604,-73.976777,40.750899,24,1887
2624,-73.980453,40.743665,47,1887
2649,-73.975626,40.749569,33,1887
2718,-73.97883,40.74248,54,1887
2745,-73.97688,40.74421,7,1887
2779,-73.97538,40.74273,63,1887
2783,-73.98128,40.74081,31,1887
2785,-73.98085,40.74223,52,1887
2792,-73.98006,40.74273,21,1887
2867,-73.96648,40.80107,38,1887
2868,-73.96648,40.80107,61,1887
3329,-73.94195,40.80867,51,1887
3381,-73.9421,40.80861,22,1887
3395,-73.94823,40.81224,57,1887
3503,-73.94758,40.81692,37,1887
3573,-73.93989,40.81218,19,1887
3597,-73.9417,40.81126,56,1887
3620,-73.949011,40.777276,7,1887
3681,-73.9527,40.7775,43,1887
3729,-73.95133,40.77323,42,1887
3730,-73.95133,40.77323,9,1887
3737,-73.95139,40.7727,58,1887
3738,-73.95139,40.7727,62,1887
3742,-73.95119,40.77285,44,1887
3743,-73.95119,40.77285,5,1887
3753,-73.94878,40.77261,21,1887
3754,-73.94878,40.77261,31,1887
4086,-73.986308,40.736067,32,1887
4186,-73.98579,40.73302,32,1887
4243,-73.98256,40.7344,15,1887
4330,-73.98267,40.73385,32,1887
4367,-73.987066,40.728837,39,1887
4368,-73.987066,40.728837,40,1887
4369,-73.987066,40.728837,15,1887
4370,-73.987066,40.728837,56,1887
4466,-73.98708,40.72849,25,1887
4473,-73.98235,40.72963,15,1887
4491,-73.98918,40.72951,10,1887
4492,-73.98918,40.72951,17,1887
4524,-73.99666,40.718634,27,1887
4602,-74.01105,40.72516,38,1887
4702,-73.99616,40.741981,17,1887
4735,-73.994058,40.738154,22,1887
4736,-73.994058,40.738154,27,1887
4750,-73.9886,40.74321,14,1887
4767,-73.99736,40.74325,41,1887
4807,-73.99961,40.7405,30,1887
4812,-74.00012,40.74036,49,1887
4876,-74.00007,40.7412,43,1887
4879,-74.00007,40.7412,39,1887
4882,-73.99823,40.74361,47,1887
4941,-73.99942,40.74335,18,1887
4961,-73.99846,40.74452,49,1887
5070,-73.99833,40.74692,50,1887
5073,-73.99697,40.7489,37,1887
5074,-73.99635,40.74993,49,1887
5075,-73.99635,40.74993,45,1887
5078,-73.9932,40.75446,16,1887
5118,-74.00066,40.74478,59,1887
5192,-73.99986,40.74605,5,1887
5195,-73.99986,40.74605,52,1887
5290,-73.99151,40.74312,24,1887
5334,-73.99951,40.74981,21,1887
5342,-73.99637,40.75588,62,1887
5343,-73.99637,40.75588,65,1887
5344,-74.0044,40.74382,58,1887
5376,-74.00472,40.74404,56,1887
5393,-73.98921,40.73765,62,1887
5462,-74.00404,40.7469,43,1887
5498,-73.99379,40.74,9,1887
5649,-73.99967,40.732868,23,1887
5790,-73.99985,40.7349,18,1887
5804,-73.99352,40.73119,51,1887
5808,-74.00177,40.73843,64,1887
5814,-74.00184,40.73846,28,1887
5840,-74.0068,40.73361,55,1887
5841,-74.0068,40.73361,52,1887
5990,-74.0057,40.73123,56,1887
5991,-74.0057,40.73123,50,1887
6195,-73.969266,40.790968,25,1887
6197,-73.969266,40.790968,30,1887
6201,-73.969266,40.790968,21,1887
6444,-73.975749,40.785569,57,1887
6485,-73.979481,40.781195,57,1887
6486,-73.979481,40.781195,45,1887
6488,-73.979481,40.781195,22,1887
6511,-73.97668,40.78575,32,1887
6573,-73.96708,40.79963,62,1887
6574,-73.96708,40.79963,27,1887
6843,-73.96687,40.79243,6,1887
6912,-73.96841,40.79069,5,1887
6913,-73.96841,40.79069,25,1887
6922,-73.96849,40.79073,53,1887
6923,-73.96849,40.79073,53,1887
7118,-73.947027,40.790801,21,1887
7334,-73.938864,40.803265,14,1887
7336,-73.938818,40.803245,5,1887
7341,-73.938807,40.803194,34,1887
7453,-73.93729,40.79696,30,1887
7467,-73.93974,40.79213,5,1887
7572,-73.94161,40.80281,5,1887
7633,-73.971914,40.759567,13,1887
7634,-73.971356,40.760162,56,1887
7658,-73.972364,40.757208,61,1887
7659,-73.972364,40.757208,9,1887
7683,-73.96825,40.761261,12,1887
7784,-73.97348,40.75035,36,1887
7795,-73.96637,40.759,31,1887
7798,-73.96628,40.75897,29,1887
7801,-73.96621,40.75893,55,1887
7807,-73.96612,40.7589,15,1887
7872,-73.9705,40.74895,20,1887
7885,-73.96177,40.75896,15,1887
43,-73.959966,40.762909,53,1888
63,-73.951289,40.770613,14,1888
85,-73.96204,40.76711,49,1888
86,-73.96204,40.76711,62,1888
100,-73.96075,40.76798,62,1888
113,-73.95862,40.77065,44,1888
136,-73.96061,40.76629,50,1888
137,-73.96061,40.76629,41,1888
138,-73.96061,40.76629,48,1888
140,-73.96061,40.76629,12,1888
191,-73.95505,40.77173,64,1888
192,-73.95505,40.77173,15,1888
194,-73.95505,40.77173,14,1888
198,-73.95505,40.77173,59,1888
216,-73.95478,40.77139,17,1888
220,-73.95478,40.77139,64,1888
221,-73.95478,40.77139,15,1888
222,-73.95478,40.77139,17,1888
250,-73.9527,40.77158,58,1888
262,-73.952,40.77127,17,1888
263,-73.952,40.77127,34,1888
264,-73.952,40.77127,51,1888
265,-73.952,40.77127,60,1888
321,-73.9897,40.75894,22,1888
337,-73.98737,40.76202,20,1888
346,-73.98824,40.76212,54,1888
347,-73.98824,40.76212,54,1888
348,-73.98824,40.76212,21,1888
495,-73.98917,40.7651,8,1888
574,-73.98801,40.76856,22,1888
575,-73.98801,40.76856,53,1888
643,-73.99374,40.76526,48,1888
696,-73.99296,40.718171,31,1888
720,-73.99695,40.7152,62,1888
762,-74.008954,40.704713,27,1888
775,-74.007901,40.710542,13,1888
776,-74.007901,40.710542,41,1888
786,-74.00203,40.70888,44,1888
790,-74.00835,40.70381,65,1888
800,-73.98386,40.770466,24,1888
801,-73.98386,40.770466,17,1888
802,-73.98386,40.770466,44,1888
810,-73.984272,40.770526,35,1888
821,-73.98610644,40.77135801,62,1888
833,-73.983361,40.776538,41,1888
849,-73.98773235,40.77367679,30,1888
890,-73.984809,40.771727,34,1888
891,-73.984809,40.771727,44,1888
892,-73.984809,40.771727,63,1888
894,-73.98770075,40.77376644,28,1888
919,-73.98334,40.7767,20,1888
920,-73.98334,40.7767,44,1888
922,-73.98343,40.77674,45,1888
925,-73.98343,40.77674,56,1888
1024,-73.98125,40.77287,26,1888
1028,-73.98365,40.76967,5,1888
1095,-73.978862,40.762595,7,1888
1097,-73.978862,40.762595,57,1888
1107,-73.979493,40.762004,41,1888
1182,-73.978986,40.764299,64,1888
1183,-73.985205,40.755312,53,1888
1208,-73.982722,40.760054,5,1888
1221,-73.987441,40.75248,35,1888
1229,-73.988676,40.75161,41,1888
1341,-73.98708,40.75687,64,1888
1446,-73.99249,40.75106,63,1888
1537,-73.98893,40.75705,50,1888
1616,-73.99212,40.75329,44,1888
1717,-73.97563,40.75694,46,1888
1767,-73.97746,40.75816,10,1888
1849,-73.959024,40.77648,9,1888
1882,-73.961529,40.772806,37,1888
1883,-73.961529,40.772806,59,1888
1893,-73.956415,40.779834,59,1888
1897,-73.96141,40.77276,55,1888
1898,-73.96141,40.77276,16,1888
1929,-73.958004,40.776211,36,1888
1979,-73.960967,40.774614,24,1888
2025,-73.95219,40.782956,29,1888
2161,-73.96262,40.77409,25,1888
2580,-73.977413,40.75101,39,1888
2581,-73.977413,40.75101,53,1888
2583,-73.977413,40.75101,64,1888
2589,-73.976802,40.750877,55,1888
2611,-73.976477,40.749837,55,1888
2664,-73.97801,40.74507,19,1888
2714,-73.97591,40.74635,19,1888
3328,-73.94195,40.80867,58,1888
3393,-73.94823,40.81224,30,1888
3396,-73.94823,40.81224,28,1888
3593,-73.9417,40.81126,59,1888
3639,-73.94933,40.78517,34,1888
3640,-73.94933,40.78517,48,1888
3648,-73.95238,40.7796,23,1888
3649,-73.95238,40.7796,43,1888
3651,-73.95567,40.7753,20,1888
3652,-73.95567,40.7753,28,1888
3658,-73.95559,40.77527,56,1888
3659,-73.95559,40.77527,39,1888
3716,-73.95067,40.77628,32,1888
3717,-73.95067,40.77628,63,1888
4006,-73.98086,40.71589,34,1888
4126,-73.987105,40.734285,56,1888
4162,-73.98631,40.73311,49,1888
4266,-73.98233,40.73363,27,1888
4289,-73.98224,40.73359,43,1888
4295,-73.98116,40.73502,42,1888
4347,-73.988374,40.730323,54,1888
4385,-73.98726,40.73255,50,1888
4389,-73.98726,40.73255,11,1888
4493,-73.98918,40.72951,55,1888
4570,-74.00741,40.72701,31,1888
4701,-73.99616,40.741981,12,1888
4710,-73.996495,40.741902,52,1888
4711,-73.996495,40.741902,55,1888
4716,-73.996554,40.741927,55,1888
4737,-73.999976,40.74327,54,1888
4738,-73.999976,40.74327,33,1888
4741,-73.9949,40.74481,54,1888
4786,-73.99613,40.74506,48,1888
4810,-74.00012,40.74036,51,1888
4845,-73.99597,40.74594,20,1888
4877,-74.00007,40.7412,29,1888
4989,-74.00043,40.74355,58,1888
4990,-74.00043,40.74355,25,1888
4998,-73.99616,40.74948,38,1888
5061,-74.00297,40.74062,31,1888
5106,-74.00086,40.74449,14,1888
5107,-73.99484,40.75279,60,1888
5191,-73.99986,40.74605,7,1888
5256,-74.00124,40.74571,56,1888
5311,-74.00579,40.74142,30,1888
5324,-73.9994,40.74976,14,1888
5325,-73.9994,40.74976,47,1888
5332,-74.00401,40.7443,18,1888
5333,-74.00401,40.7443,36,1888
5392,-73.98921,40.73765,20,1888
5413,-73.99611,40.75364,35,1888
5465,-73.99172,40.74321,64,1888
5476,-73.99512,40.73861,42,1888
5634,-74.005137,40.737236,29,1888
5664,-74.000002,40.730574,40,1888
5677,-73.993244,40.734474,64,1888
5678,-73.993244,40.734474,60,1888
5699,-74.002922,40.737975,24,1888
5704,-74.00396,40.731288,14,1888
5705,-74.00396,40.731288,20,1888
5743,-74.004043,40.731262,54,1888
5744,-74.004043,40.731262,16,1888
5793,-74.00489,40.73392,17,1888
5852,-74.00421,40.73618,34,1888
5867,-73.99388,40.73187,59,1888
5870,-74.00419,40.7377,26,1888
5951,-73.99942,40.73096,11,1888
6060,-73.99775,40.73008,9,1888
6078,-74.00487,40.7291,48,1888
6094,-73.99758,40.73522,51,1888
6196,-73.969266,40.790968,56,1888
6200,-73.969266,40.790968,53,1888
6509,-73.9665,40.79968,39,1888
6579,-73.96719,40.79947,51,1888
6593,-73.96734,40.79953,12,1888
7041,-73.945367,40.795226,30,1888
7042,-73.945358,40.795222,51,1888
7047,-73.945612,40.795431,24,1888
7049,-73.945561,40.795407,19,1888
7051,-73.94553382,40.79531496,43,1888
7054,-73.945313,40.795204,61,1888
7065,-73.945193,40.795075,49,1888
7089,-73.946985,40.793861,52,1888
7259,-73.94693,40.79519,46,1888
7261,-73.94693,40.79519,36,1888
7407,-73.93812,40.79911,22,1888
7477,-73.93568,40.79642,65,1888
7485,-73.93483,40.79604,60,1888
7493,-73.93525,40.79516,53,1888
7494,-73.93538,40.79485,56,1888
7559,-73.94154,40.80358,9,1888
7573,-73.94161,40.80281,20,1888
7603,-73.94058,40.80399,55,1888
7606,-73.94441,40.79866,32,1888
7611,-73.94055,40.80398,57,1888
7612,-73.94055,40.80398,29,1888
7640,-73.975812,40.753888,49,1888
7689,-73.973841,40.753014,31,1888
7692,-73.97283,40.75521,63,1888
7796,-73.96637,40.759,52,1888
7799,-73.96628,40.75897,31,1888
7800,-73.96621,40.75893,46,1888
7806,-73.96612,40.7589,58,1888
7819,-73.9671,40.75757,10,1888
7925,-73.97117,40.75823,21,1888
7926,-73.97117,40.75823,40,1888
92,-73.96068,40.76899,22,1889
105,-73.95721,40.77275,28,1889
122,-73.95887,40.77079,51,1889
179,-73.96099,40.76412,15,1889
181,-73.96236,40.76198,15,1889
188,-73.95728,40.76836,45,1889
294,-73.98442,40.76593,29,1889
300,-73.9845,40.76582,38,1889
320,-73.9897,40.75894,47,1889
360,-73.98714,40.76276,8,1889
392,-73.99119,40.75881,34,1889
473,-73.9889,40.76454,12,1889
515,-73.99321,40.76012,38,1889
570,-73.9869,40.76919,57,1889
663,-73.98964,40.75754,6,1889
685,-73.98803,40.76367,38,1889
834,-73.98391377,40.77136247,20,1889
838,-73.983856,40.772015,52,1889
840,-73.98502,40.770271,23,1889
844,-73.985134,40.770884,49,1889
860,-73.985872,40.770637,24,1889
863,-73.986131,40.770618,26,1889
879,-73.986264,40.770808,13,1889
923,-73.98343,40.77674,6,1889
924,-73.98343,40.77674,21,1889
927,-73.98353,40.77678,27,1889
929,-73.98353,40.77678,54,1889
978,-73.98308,40.76776,8,1889
981,-73.98297,40.76771,43,1889
988,-73.98305,40.76775,62,1889
1026,-73.98365,40.76967,36,1889
1027,-73.98365,40.76967,56,1889
1031,-73.98368,40.76969,64,1889
1032,-73.98368,40.76969,21,1889
1081,-73.97831,40.763233,49,1889
1082,-73.97831,40.763233,47,1889
1106,-73.981602,40.758766,62,1889
1121,-73.986201,40.753216,20,1889
1140,-73.988425,40.75083,61,1889
1144,-73.988503,40.750861,17,1889
1152,-73.986479,40.753459,47,1889
1156,-73.988587,40.750899,7,1889
1170,-73.988368,40.748109,35,1889
1176,-73.98867,40.750932,48,1889
1204,-73.989446,40.748766,27,1889
1212,-73.982722,40.760054,63,1889
1213,-73.982722,40.760054,18,1889
1220,-73.987441,40.75248,11,1889
1264,-73.983308,40.760053,37,1889
1285,-73.98319,40.760364,54,1889
1314,-73.9889,40.75355,28,1889
1362,-73.98874,40.75521,14,1889
1363,-73.98874,40.75521,35,1889
1364,-73.98874,40.75521,48,1889
1366,-73.98874,40.75521,39,1889
1367,-73.98874,40.75521,31,1889
1406,-73.98777,40.75751,31,1889
1424,-73.98962,40.75457,21,1889
1437,-73.99076,40.75344,14,1889
1532,-73.99296,40.75125,48,1889
1549,-73.98992,40.75474,59,1889
1579,-73.98847,40.75746,24,1889
1589,-73.98832,40.75755,32,1889
1604,-73.9909,40.75511,39,1889
1627,-73.98658,40.749,6,1889
1632,-73.98135,40.7676,29,1889
1646,-73.9964,40.74807,38,1889
1649,-73.97483,40.75767,16,1889
1670,-73.9747,40.75762,24,1889
1682,-73.97457,40.75756,24,1889
1695,-73.97448,40.7582,32,1889
1700,-73.97445,40.75751,10,1889
1737,-73.98219,40.75576,41,1889
1752,-73.97615,40.76501,14,1889
1774,-73.97834,40.75324,15,1889
1812,-73.98696,40.75021,65,1889
1832,-73.98441,40.76453,51,1889
1844,-73.966126,40.762227,58,1889
1881,-73.96125,40.778008,40,1889
1887,-73.961231,40.773512,13,1889
1956,-73.952432,40.784788,20,1889
2002,-73.967591,40.766162,37,1889
2051,-73.95207,40.781494,42,1889
2059,-73.953357,40.780981,5,1889
2070,-73.963679,40.76616,41,1889
2079,-73.950711,40.783856,45,1889
2117,-73.95072,40.78491,54,1889
2134,-73.959305,40.772363,23,1889
2179,-73.95824,40.7803,52,1889
2347,-73.94802,40.80923,7,1889
2370,-73.95051,40.80821,61,1889
2590,-73.976802,40.750877,47,1889
2614,-73.976782,40.749379,55,1889
2711,-73.97469,40.74836,64,1889
2712,-73.97469,40.74836,45,1889
2733,-73.97754,40.74392,6,1889
2747,-73.9764,40.74483,51,1889
2850,-73.964595,40.802349,16,1889
3115,-73.93963942,40.81264619,55,1889
3235,-73.9442,40.81582,12,1889
3366,-73.94693,40.81601,30,1889
3394,-73.94823,40.81224,17,1889
3397,-73.94823,40.81224,13,1889
3521,-73.9509,40.81239,37,1889
3530,-73.94352,40.81061,29,1889
3532,-73.94352,40.81061,17,1889
3596,-73.9417,40.81126,53,1889
3669,-73.95596,40.77374,41,1889
3733,-73.95155,40.7727,13,1889
3977,-73.984319,40.716266,25,1889
3978,-73.984319,40.716266,45,1889
3983,-73.986393,40.716263,22,1889
3987,-73.98493,40.71378,7,1889
4002,-73.97625,40.72374,40,1889
4061,-73.988998,40.734256,25,1889
4063,-73.988949,40.734262,6,1889
4067,-73.988635,40.734912,35,1889
4098,-73.986737,40.734842,29,1889
4099,-73.986737,40.734842,51,1889
4105,-73.986654,40.734807,7,1889
4144,-73.98583,40.73578,31,1889
4145,-73.98569,40.73566,46,1889
4152,-73.9865,40.73319,27,1889
4215,-73.98496,40.73674,50,1889
4269,-73.98249,40.73221,40,1889
4290,-73.98224,40.73359,54,1889
4335,-73.990677,40.729973,7,1889
4346,-73.988374,40.730323,11,1889
4363,-73.985656,40.727531,30,1889
4374,-73.983586,40.726031,11,1889
4387,-73.98726,40.73255,22,1889
4405,-73.98691,40.7324,54,1889
4417,-73.98505,40.72899,17,1889
4418,-73.9851,40.72904,31,1889
4419,-73.9851,40.72904,51,1889
4427,-73.98306,40.72808,56,1889
4428,-73.9883,40.72907,59,1889
4660,-74.001568,40.741379,61,1889
4717,-73.998756,40.739229,34,1889
4719,-73.998756,40.739229,21,1889
4755,-73.98892,40.73971,34,1889
4774,-73.99807,40.74244,30,1889
4799,-73.99558,40.74564,59,1889
4850,-74.00045,40.7399,56,1889
4855,-74.00054,40.73993,63,1889
4862,-74.00061,40.73997,63,1889
4864,-73.99576,40.74587,55,1889
4906,-73.9964,40.7462,45,1889
4909,-73.99725,40.74495,45,1889
4910,-73.99725,40.74495,34,1889
4927,-73.99829,40.74408,11,1889
4928,-73.99656,40.74687,57,1889
4953,-73.99921,40.74379,40,1889
4967,-73.99986,40.74256,41,1889
4997,-73.99694,40.74806,9,1889
5000,-73.99864,40.74611,41,1889
5001,-73.99343,40.75294,15,1889
5007,-73.99783,40.74671,10,1889
5018,-73.99948,40.74497,16,1889
5021,-73.99667,40.74878,56,1889
5030,-73.99551,40.75046,7,1889
5050,-74.00232,40.74152,33,1889
5076,-73.9932,40.75446,29,1889
5077,-73.9932,40.75446,40,1889
5095,-73.99447,40.75308,16,1889
5108,-73.99372,40.75397,19,1889
5109,-73.99372,40.75397,22,1889
5124,-73.99376,40.75398,24,1889
5125,-73.99376,40.75398,43,1889
5143,-73.99495,40.75287,52,1889
5154,-74.00221,40.74279,9,1889
5194,-73.99986,40.74605,44,1889
5330,-74.00401,40.7443,53,1889
5331,-74.00401,40.7443,13,1889
5346,-73.98975,40.74561,23,1889
5347,-73.98975,40.74561,51,1889
5395,-73.99759,40.75411,24,1889
5396,-73.99759,40.75411,61,1889
5474,-73.99512,40.73861,43,1889
5475,-73.99512,40.73861,26,1889
5542,-73.99194,40.74453,52,1889
5543,-73.99194,40.74453,13,1889
5544,-73.99194,40.74453,23,1889
5545,-73.99194,40.74453,26,1889
5550,-74.003555,40.731197,57,1889
5551,-74.003555,40.731197,33,1889
5560,-73.990334,40.732292,32,1889
5613,-74.007368,40.736317,60,1889
5614,-74.007368,40.736317,15,1889
5615,-74.007368,40.736317,32,1889
5620,-74.001253,40.732564,50,1889
5621,-74.001253,40.732564,10,1889
5654,-73.999718,40.732888,36,1889
5657,-73.99861,40.734816,6,1889
5658,-73.99861,40.734816,5,1889
5670,-74.000865,40.734352,37,1889
5702,-74.00396,40.731288,12,1889
5703,-74.00396,40.731288,17,1889
5769,-74.00487,40.73752,54,1889
5803,-74.00487,40.73752,21,1889
5857,-74.00229,40.73587,29,1889
5858,-74.00229,40.73587,20,1889
5859,-74.00229,40.73587,46,1889
5860,-74.00229,40.73587,15,1889
5868,-73.99388,40.73187,64,1889
5879,-73.99328,40.73232,24,1889
5894,-74.00476,40.73277,16,1889
5900,-73.99961,40.7312,23,1889
5923,-74.00467,40.7328,8,1889
5934,-74.00458,40.73284,26,1889
6010,-73.99295,40.73174,20,1889
6093,-73.99758,40.73522,10,1889
6226,-73.965873,40.795573,16,1889
6355,-73.969679,40.792319,11,1889
6357,-73.965381,40.798692,5,1889
6358,-73.965381,40.798692,19,1889
6458,-73.969283,40.79596,15,1889
6459,-73.969283,40.79596,16,1889
6468,-73.964885,40.797006,29,1889
6581,-73.96719,40.79947,27,1889
6582,-73.96719,40.79947,10,1889
6813,-73.96125,40.7983,57,1889
6841,-73.96358,40.79449,54,1889
6872,-73.9637,40.79454,56,1889
6895,-73.96592,40.7931,55,1889
6962,-73.97314,40.78445,53,1889
7056,-73.946239,40.793987,57,1889
7059,-73.94884,40.78973,37,1889
7064,-73.948674,40.789807,32,1889
7102,-73.945076,40.793251,32,1889
7124,-73.948349,40.787884,8,1889
7138,-73.947372,40.789254,8,1889
7157,-73.947556,40.78817,39,1889
7178,-73.94724,40.78764,10,1889
7179,-73.94724,40.78764,26,1889
7194,-73.94226,40.79258,9,1889
7196,-73.94437,40.79066,12,1889
7199,-73.94644,40.78814,51,1889
7211,-73.94409,40.79019,29,1889
7234,-73.94694,40.79598,40,1889
7250,-73.94572,40.79701,40,1889
7275,-73.942154,40.800506,65,1889
7337,-73.938818,40.803245,26,1889
7351,-73.939384,40.801846,40,1889
7378,-73.938154,40.805947,22,1889
7406,-73.93812,40.79911,62,1889
7410,-73.93897,40.81089,65,1889
7439,-73.93642,40.79967,16,1889
7445,-73.93781,40.81129,62,1889
7519,-73.93026,40.7998,30,1889
7520,-73.93026,40.7998,24,1889
7521,-73.93026,40.7998,41,1889
7522,-73.93026,40.7998,15,1889
7565,-73.94152,40.80357,11,1889
7574,-73.94161,40.80281,62,1889
7589,-73.94318,40.80042,17,1889
7648,-73.960513,40.757671,35,1889
7754,-73.96661,40.7601,52,1889
7755,-73.96661,40.7601,27,1889
7765,-73.96944,40.75619,48,1889
7766,-73.96944,40.75619,5,1889
7773,-73.96567,40.76059,57,1889
7842,-73.96455,40.75881,23,1889
7857,-73.97122,40.7494,39,1889
7862,-73.96482,40.75716,9,1889
7880,-73.97165,40.74786,50,1889
7903,-73.96063,40.75811,27,1889
7904,-73.96063,40.75811,13,1889
7905,-73.96063,40.75811,56,1889
7906,-73.96063,40.75811,31,1889
7920,-73.97134,40.75816,20,1889
7928,-73.97117,40.75823,10,1889
7929,-73.97117,40.75823,40,1889
7944,-73.97299,40.75278,48,1889
7949,-73.97186,40.75442,56,1889
7957,-73.96884,40.75398,49,1889
7958,-73.96884,40.75398,39,1889
7959,-73.96798,40.75926,13,1889
7960,-73.96798,40.75926,35,1889
